tool,target,observed,error,absolute_error,count
create_reminder,0.6,0.45454545454545453,-0.14545454545454545,0.14545454545454545,5
create_task,0.4,0.5454545454545454,0.1454545454545454,0.1454545454545454,6
